{"cameraMode":{"drawMode":0,"name":"Shaded","section":"Shading Mode"},"sceneLighting":true,"audioPlay":false,"sceneViewState":{"showFog":true,"showMaterialUpdate":false,"showSkybox":true,"showFlares":true,"showImageEffects":true,"showParticleSystems":true},"in2DMode":false,"pivot":{"x":1.5269501209259034,"y":0.7190093994140625,"z":14.08716869354248},"rotation":{"x":-0.3358282148838043,"y":0.08095855265855789,"z":-0.02898525260388851,"w":-0.9379912614822388},"size":25.094758987426759,"orthographic":false}