{"cameraMode":{"drawMode":0,"name":"Shaded","section":"Shading Mode"},"sceneLighting":false,"audioPlay":false,"sceneViewState":{"showFog":true,"showMaterialUpdate":false,"showSkybox":false,"showFlares":true,"showImageEffects":true,"showParticleSystems":true},"in2DMode":false,"pivot":{"x":-0.00208967924118042,"y":0.0904143750667572,"z":-0.12715482711791993},"rotation":{"x":-0.3003886640071869,"y":-0.39085814356803896,"z":0.1366400271654129,"w":-0.8592596650123596},"size":1.6282633543014527,"orthographic":false}