{"cameraMode":{"drawMode":0,"name":"Shaded","section":"Shading Mode"},"sceneLighting":true,"audioPlay":false,"sceneViewState":{"showFog":true,"showMaterialUpdate":false,"showSkybox":true,"showFlares":true,"showImageEffects":true,"showParticleSystems":true},"in2DMode":false,"pivot":{"x":-2.7197465896606447,"y":2.9585676193237306,"z":2.382671594619751},"rotation":{"x":-0.366350382566452,"y":-0.03153683990240097,"z":0.012424945831298828,"w":-0.9298610091209412},"size":8.502056121826172,"orthographic":false}