{"cameraMode":{"drawMode":0,"name":"Shaded","section":"Shading Mode"},"sceneLighting":false,"audioPlay":false,"sceneViewState":{"showFog":true,"showMaterialUpdate":false,"showSkybox":false,"showFlares":true,"showImageEffects":true,"showParticleSystems":true},"in2DMode":false,"pivot":{"x":-6.630000114440918,"y":2.609971523284912,"z":16.948078155517579},"rotation":{"x":-0.7174656987190247,"y":-0.03296896815299988,"z":0.03403620421886444,"w":-0.6949905157089233},"size":9.624056816101075,"orthographic":false}