{"cameraMode":{"drawMode":0,"name":"Shaded","section":"Shading Mode"},"sceneLighting":false,"audioPlay":false,"sceneViewState":{"showFog":true,"showMaterialUpdate":false,"showSkybox":false,"showFlares":true,"showImageEffects":true,"showParticleSystems":true},"in2DMode":false,"pivot":{"x":5.560896873474121,"y":2.0767884254455568,"z":15.671546936035157},"rotation":{"x":-0.7174656987190247,"y":-0.03296896815299988,"z":0.03403620421886444,"w":-0.6949905157089233},"size":18.498106002807618,"orthographic":false}