{"cameraMode":{"drawMode":0,"name":"Shaded","section":"Shading Mode"},"sceneLighting":true,"audioPlay":false,"sceneViewState":{"showFog":true,"showMaterialUpdate":false,"showSkybox":true,"showFlares":true,"showImageEffects":true,"showParticleSystems":true},"in2DMode":false,"pivot":{"x":0.18608570098876954,"y":1.9172430038452149,"z":6.110379219055176},"rotation":{"x":-0.3003886640071869,"y":-0.39085814356803896,"z":0.1366400271654129,"w":-0.8592596650123596},"size":24.071372985839845,"orthographic":false}